628949369883000832	negative	dear @Microsoft the newOoffice for Mac is great and all, but no Lync update? C'mon.
628976607420645377	negative	@Microsoft how about you make a system that doesn't eat my friggin discs. This is the 2nd time this has happened and I am so sick of it!
629023169169518592	negative	Not Available
629179223232479232	negative	Not Available
629186282179153920	neutral	If I make a game as a #windows10 Universal App. Will #xboxone owners be able to download and play it in November? @majornelson @Microsoft
629226490152914944	positive	Microsoft, I may not prefer your gaming branch of business. But, you do make a damn fine operating system. #Windows10 @Microsoft
629345637155360768	negative	@MikeWolf1980 @Microsoft I will be downgrading and let #Windows10 be out for almost the 1st yr b4 trying it again. #Windows10fail
629394528336637953	negative	@Microsoft 2nd computer with same error!!! #Windows10fail Guess we will shelve this until SP1! http://t.co/QCcHlKuy8Q
629650766580609026	positive	Just ordered my 1st ever tablet; @Microsoft Surface Pro 3, i7/8GB 512GB SSD. Hopefully it works out for dev to replace my laptop =)
629797991826722816	negative	After attempting a reinstall, it still bricks, says, "Windows cannot finish installing," or somesuch. @Microsoft may have cost me $600.
630159517058142208	positive	Sunday morning, quiet day so time to welcome in #Windows10 @Microsoft @Windows http://t.co/7VtvAzhWmV
630542330827771904	negative	Did @Microsoft break Windows 10? Was working fine on Wednesday but now I can't get passed the login screen without it freezing up.
630636736746422272	negative	@MSAU @Microsoft spent over 40 mins &amp; gave up coz it changes just before you print every time. C'mon team. Earn your dosh pls.
630807124872970240	neutral	@spyderharrison @Microsoft the reason I ask is because it may be the manufacturer's fault, and they could help you.
630818265799921664	positive	Innovation for jobs is just around the corner - to be exact next Wednesday 8/19 at @Microsoft http://t.co/3DK6ToZeA8 http://t.co/L2wOZcwgRb
630909171437801472	neutral	OK this is my pure speculation.  @Microsoft owns the cloud compute tech.  @Cloudgine is utilizing the tech.  3rd party devs is open to use.
630982270409572352	neutral	We are still taking registrations for our Education Technology Update with @Acer and @Microsoft on August 28! Visit: http://t.co/lQvTHE6Chb
631104156187627520	negative	For the 1st time @Skype has a "High Startup impact"   Does anyone at @Microsoft have a clue? #Windows10Fail http://t.co/loO3yd5rwe
631223085476261890	negative	#teens @BillGates 1st company failed miserably. When Gates &amp; @PaulGAllen tried to sell the product it wouldn't work #nevergiveup @Microsoft
631368262979297281	positive	#Vote for @AIESEC to become the 10th Global non profit partner of @Microsoft for us to #UpgradeYourWorld together. @AIESECGermany
631521079245307904	positive	Top 5 most searched for Back-to-School topics -- the list may surprise you http://t.co/Xj21uMVo0p  @bing @MSFTnews #backtoschool @Microsoft
631543121407442946	negative	@Microsoft support for 365 has been terrible. On the phone for an hour then got dropped. So far not worth the headache. May ask for refund.
631696872323850240	positive	@trucker_squigz @Microsoft @MISpeedway @nationwide88 Cant wait to see you up here. I will be at the race on sun
631792365590695936	negative	Not Available
631842974268305408	positive	@ScottArbeit @GabeAul @Microsoft isntall the newest version and you may chance your mind!
631843393971204097	positive	@taehongmin1 We have an IOT workshop by @Microsoft at 11PM on the Friday - definitely worth going for inspiration! #HackThePlanet
631936716522278912	neutral	@kenttaylor333 @YourAnonNews @Microsoft the option should be in Windows update. You've got a month. Clean install may be better...
632374683334258688	negative	Hey @Microsoft, I reserved my copy of @Windows 10 back in June, but i haven't been invited to download. Any updates on the timeline?
632536348419690496	negative	@eyesonfoxorg @Microsoft I'm still using Vista on one &amp; Win-7 on another, Vista is a dinosaur, unfortunately I may use a free 10 with limits
632805868334153728	negative	@Microsoft Is it normal that it takes hours to check the email name for creating an microsoft account? 2nd try!
632810315227467776	neutral	@MisterMetokur @Microsoft @ATT @NSAGov That's confidential and privileged information sir. No matter how great the sex may or may not be.
632949742750687232	neutral	@ForbesRussia #MBA #casestudy Namaste 2 #google and @Microsoft's CEOs, but #Multiculturals mttr!May B the era of Bad Translations wd B Over?
632983468188696576	negative	@Microsoft you may want to fix this... http://t.co/pxg1yPddcm
633041928922132480	negative	After 75 minutes of being on hold with @Microsoft in India 1-800-936-5700 "Adrian" wants to transfer my call again (3rd time) #Windows10Fail
633119630417129476	negative	@Microsoft On hold with support for 52 minutes now. C'mon.
633500866096574464	negative	Beyond frustrated with my #Xbox360 right now, and that as of June, @Microsoft doesn't support it. Gotta find someone else to fix the drive.
633594289029808128	negative	@Microsoft Heard you are a software company. Why then is most of your software so bad that it has to be replaced by 3rd party apps?
633628599271190528	positive	Not Available
633694793852407808	positive	PAX Prime Thursday is overloaded for me with @Microsoft and Nintendo indie events going down. Also, cider!!! :p
633757225945665537	positive	I traveled to Redmond today. I'm visiting with @Microsoft @SQLServer engineers tomorrow - at their invitation. Feeling excited.
634005885371711489	positive	Have you heard the news? Our next meetup is on September 10th with Ryan Berry of @Microsoft! RSVP now for free -&gt; http://t.co/QOp26oct4f
634036617632546816	negative	@Microsoft @Windows Daily windows updates suck! W/ all the $$$ and drones U have working 4 U, maybe U guys could get it right the 1st time?
634098901025484800	negative	Call from "John" @Microsoft "hello, i'd like to look at your computer, over the phone" Me:" ok, may I ask why your calling about my..(1/2)
634107085647511553	positive	We're excited to learn about #cloud #analytics from @Microsoft tomorrow! Join us https://t.co/p0bMREBBHC #tech #rva http://t.co/1XHmPdSvzq
634169076210733056	positive	Pet adoptions are $10 this Friday @BFAS_LA thanks to @Microsoft @Windows. #Upgradeyourworld with a new best friend! http://t.co/0aI2QiBbCR
634299598467678208	negative	@TechCrunch the phone will be too tall and bulky and annoying to tolerate use. @Microsoft may lose it like @BlackBerry has
634364883040006144	negative	I thought @Microsoft was retiring the Lumia line to give way to Surface Mobile? I guess not. https://t.co/7NRWeBqjEN
634517732067778561	negative	@microsoft using Office 2013's Bing dictionary. type in "bound." This is the 3rd picture they show me. WTF?... http://t.co/VzwGIoLxco
634633252020555781	neutral	HERE today, gone tomorrow- but still here! A short note on Nokia's patent deals with @Microsoft and @Alcatel_Lucent  http://t.co/y5wFgUygFD
634657299680858113	negative	@Microsoft "For a limited time"   What about an eternally lasting NO &amp; plz shove Cortana where the sun doesn't shine http://t.co/RLKSqTMneH
634709942088409088	positive	Good Friday morning. This city is changing. Are you with it? #300MenMarch @targetnews @mcdonalds @BP_America @cocacola @microsoft @comcast
634728738941456384	positive	http://t.co/luX5VvBrmJ   Register 4 the NACR Skype for Business event with @Microsoft for Sept 16th Chevy Chase, MD #skype4B #contactcenter
634877877725569025	positive	Did you know our Lunch&amp;Learns are now open to the public? Join us on August 31 with @asaunders from @Microsoft! https://t.co/FdPz5JcqI6
634921865916452864	negative	I've just been told for the 5th time that my case number "will be escalated" to a Level II tech by @MicrosoftHelps @Microsoft @Windows
634926683284336640	negative	Now I'm trying to get to @MicrosoftHelps @Microsoft @Windows support online for about the 5th time.m
635528136743092224	negative	Spending the day on the phone with @Microsoft. This is not how I wanted to spend my Sunday
635658548265947136	positive	@Microsoft may just reinvent personal computing  http://t.co/dTVc3mtEO3  via @BusinessInsider  #HoloLens #Microsoft http://t.co/TrKifgMfTO
635795783099387904	positive	@Microsoft - congratulations on the 20th Birth Anniversary of @Windows 95.  20 years since we've come to love you (&amp; backward compatibility)
635914448121626624	positive	Looks like @Microsoft may still be in the handset/smartphone business!  #SurfacePhone #Windows10 http://t.co/SubGXXMqlz
635976557098573825	positive	@SuzanneMalveaux @hollyrpeete @Microsoft @sfujita55 @TeamGleason @rocsidiaz FYI Suzanne was my 1st choice 2 b my biographer but GOD made it
636062553009987584	positive	Enjoying feasibility workshop replacing #Cognos with @Microsoft #BI. 4th customer in less than a year!
636842896524726273	negative	@Microsoft @MicrosoftHelps For the 2nd time I have been charged for something I wasnt made aware of. Person on the phone didn't care.
636861074256592896	negative	I hate you @Adobe, u crash more then any other application Tho @Microsoft office ur close 2nd U both can share #firstplace 4 my dislike 2day
636978321222467584	negative	Not Available
637025180687167488	negative	@tomwarren @microsoft the lumia cityman looks terrible and its blue not Cyan?! Buttons may be too small. #Lumia 730/735 has a superior look.
637308387353432064	neutral	@joebelfiore @GabeAul @Microsoft @Lumia @satyanadella plz add L1520 in the 1st wave of windows10 phones release.plz dont hurt ur diehardfans
637338158997180416	positive	@business @google @Microsoft - nothing new under the sun! History always repeats! @Bershidsky - Brilliant article, thanks.
637678387214065664	neutral	have u suggested to @microsoft that going shopping&amp;doing the gardening may b a workaround?U cd b on to something! :) https://t.co/mzkb5jTUXt
637830987108343808	negative	3rd rep just hung up on me. Absolutely devastated at how @microsoft's customer service treated me, wow.
638219008542535680	negative	@Microsoft may you PLEASE release versions of Windows when its stable Windows 10 is no where near stable!
638268341052948480	positive	Startup your Monday in the right way. Apply 2 our Pitch battle by @microsoft at #jointheUPRISE http://t.co/MoWnEAObqk http://t.co/Fkl9WdFkUZ
638390714502619136	neutral	Predictive Analytics with @Microsoft #Azure #MachineLearning 2nd ed. Now available. http://t.co/frOUbXXOzU @MSAdvAnalytics
638497802344091648	neutral	@Microsoft you guys may piss me off with the Xbone but the Windows 10 lock screen facts make brighten my day a lot.
638570993397682177	positive	I can't wait to speak at @Microsoft's #MSAPC2015 event tomorrow, then fly to #NYC for the weekend, &amp; then #INBOUND15! http://t.co/WwOUjsslKt
638618791711084544	positive	Happy hour at @Microsoft #msapc2015 with @sarahvaughan and friends. Good luck for tomorrow's keynote http://t.co/emvqoeRS6j
638881767542263808	positive	#llvm 3.7 is the 2nd release to incorporate contributions from my team at @microsoft. Congrats to all involved! :) https://t.co/IUtbNxonfw
638971652546543616	neutral	@BundyB @Microsoft I may have missed that memo. (Also about time)
639009525958352896	positive	@KasweshiLwiimbo @Microsoft will be presenting on the 4th I will come we talk about some stuff
639102028296376320	negative	no diff from @Microsoft with BitLocker =at some point, platforms should provide data at rest encryption built in https://t.co/KATCGJER4W
639160139820498944	positive	Every time I use a paperclip I think of Clippy from @Microsoft Word. He may have (finally) left my screen, but he will never leave my brain!
639352599288877056	neutral	@vukosi @Microsoft Please have a look at this link and see if the errors mentioned may correspond to your errors. http://t.co/9Tj4Nhkoyo
639451183342596096	negative	Why does @Microsoft make it so hard to reset my @skype password? RIDICULOUS. Still not sure why password stopped working in the 1st place!
639580199303016448	positive	All NGO/NPOs should know about @techsoup: free/VERY low-cost software from @symantec, @Microsoft @Adobe &amp; lots more! https://t.co/MS5L2vzTxJ
639716079430967296	negative	@Microsoft why is the game evolve only available until Monday on the Xbox one? Why don't you just give it to us for free?
639820535917092864	positive	@festivaluprise @Microsoft Good luck to all Pitch Battlers. May the best pitch win!
639902509566414848	negative	And @Microsoft's Mail, Calendar, Music, and Video apps have been rewritten for the third time in four years... https://t.co/Rn27JuMGMP
639935724033339393	positive	Look @Qualcomm I found the 1st #Snapdragon Phone in my stuff from #Toshiba and @Microsoft. Still Working :) http://t.co/dLbuag6QDU
640261386417897473	negative	@microsoft ur company will give me my 500 pounds plus the cost of the laptop on Monday for what u did to my laptop!
640510504159584256	positive	Thank you to @Microsoft for inviting us to join them at the #IBCShow in Amsterdam next Thursday - http://t.co/AuaXij5BQL
640668469315403776	negative	@tomwarren seems like @Microsoft may have bit off more than they could chew, with the state of W10 mobile and core apps on mobile &amp; PC.
640736865499217920	negative	Hey @Microsoft, fuck you. I don't have Internet until Thursday and my Xbox one won't even let me sign onto my account offline.
640740939397492736	positive	Not Available
640871644844572672	negative	@ @Microsoft  3rd time my Lumia handset submitted in service Centre in last 8 Months, No one is looking into it. Need replacement of my 930
640987727492722688	positive	Should you upgrade to @Microsoft's new OS, #Windows10?  Lunch-and-Learn, in #PalmCoast, this Wednesday, Sept 9th: http://t.co/kKXfJhDGW5
641024489870987264	positive	#Producers Catch me in Dallas Sept 12th at the @Microsoft event.  Also at @A3C in #ATL for the On The Spot Beat Shopping!
641295194583797765	neutral	@Microsoft  turns to @Dell  and @HP  to help get Surface into the office http://t.co/54JIFKE6IF
641372287694823424	positive	@clayton_simms @Microsoft I might but I'm gonna wait a bit to see if they patch it. You coming sat?
641382034678661120	negative	@Lumia #Lumia @Microsoft 2nd, you guys haven't released a lumia that has a QHD screen, or takes video in 2k resolution yet.
641626118949326848	positive	.@Microsoft's patch Tuesday incorporated 56 fixes for #security #vulnerabilities - some with active #exploits http://t.co/R6Yz9m57JT insane!
641666486793203712	positive	That may just be the most shocking moment of todays #AppleEvent, @Microsoft doing a demo on the new #iPadPro.....
630871616575139840	positive	6 years ago this weekend, I saw AC/DC at United Center on a Friday and Blink-182 in Tinley the next day. it was the best weekend ever.
631201229075533825	neutral	No power at home, sat in the dark listening to AC/DC in the hope that it'll make the electricity come back
632260719245967360	positive	Take the Highway to Dundas and check out FTATR (AC/DC cover band) on Sat at 6pm on the Main Stage! #dundascactus40 http://t.co/xiQdkga2Bk
632266628600889344	positive	Can't beat it. Friday night, no kids, a few beers, listening to Taylor Swift....no, wait! I meant AC/DC. Motorhead!
632293803072729089	positive	Requests for Oasis, Steve Miller Band, AC/DC, Big Country &amp; The Banter Thiefs all make the cut for tomorrow's #MFCLive Playlist.
632358269168807936	positive	@MikkiC1115 yes I'll be there. Also have AC/DC on the 26th and Buckcherry at Starland on the 28th before the carney!
632362695602245632	positive	@annkillion Best day on the Green for me was Aerosmith, Foreigner, Pat Travers, Van Halen, AC/DC, (July 23, 1978).
632393299282661378	negative	Why would anyone want to form a Metallica cover band? What is the upside-one day if they are lucky they may open for an AC/DC cover band?
632477400178233344	positive	@suziperry Also I am off to New York in 7 days to see AC/DC (my ultimate faves) for the 29th time-followed by Van Halen the night after!
632557193376587776	positive	Going from AC/DC to ABBA and back again is quite the mind fuck on a Saturday morning!  Thank goodness I can handle it!!  @FizzButtonCC
632598549872672768	positive	Listening to early, live, AC/DC, covering Chuck Berry, while driving a black capri, with the windows down, in the sun. It's a good day.
632884348430237696	positive	Hello lovelies again! Super Sunday. Thai food, AC/DC raunchy dancing during warm up, you lot and the Boys. More season 1, I'm a lucky woman
633367771191971840	positive	AC/DC with Vintage Trouble at Gillette Stadium on Sat, 8/22! Limited tix are available at http://t.co/eg2rut3Lv8 http://t.co/ROW0b2lfkh
633464854737633280	positive	When you realize classes start the 9th so the AC/DC concert will be the best concert since Eminem and Jay-Z #thatwasgoat
633547870327717888	positive	Just turned 16. Hitched from Newcastle to get there. Went for AC/DC, left obsessed with Van Halen. Carefree days. https://t.co/ZwE9vSPjIK
633662951778557952	positive	1981 Gino is pretty damn impressed with 2015 Gino for going to see AC/DC in Foxborough on Saturday.
633684233005895680	positive	I have 2 extra tickets (on the field!) for the AC/DC concert on Saturday night at Gillette Stadium.  I'm looking... http://t.co/q2YaY6S3ch
633837726106841088	positive	BACK IN BLACK by AC/DC was no.1 in the UK album charts on 18 August 1980
634596962608672768	positive	AC/DC will win #rock1000 with Thunderstruck! Has not won before but come 2nd at least once! @therockfm
634728000702021632	negative	Red Sox game I have tickets to tonight may get rained out, same with AC/DC concert tomorrow night. Somebody give me some good news...
634733114456166400	positive	Fuck it. Closed the job down early to grab a flight to Boston for AC/DC concert tomorrow. Ride the highs of free money yo. #LookoutBoston
634790760408350720	positive	[Reddit] - If you're going to AC/DC tomorrow at Gillette, don't forget your Free Brady shirt! http://t.co/9xZibJVMvO
634842103588233217	negative	Promised to take my niece to AC/DC tomorrow.  Soooo not in the mood now.
634869623075303424	positive	@GoldenBrookss @hab4lyf73  Right now, don't have any for the weekend. By Tuesday heading to AC/DC concert and then NYC!
634871374897643520	neutral	@senatorjohn You going to AC/DC tomorrow night? #RockOrBustWorldTour
634896402594836484	positive	@ericfisher @cbsboston Eric, how is the weather for the AC/DC concert tomorrow night at Gillette looking?
635091272223617024	positive	Surprising my mom with AC/DC tickets for Wednesday. Just going to show up
635116963971342337	positive	Sitting 14th row for AC/DC tonight!! Let's go!
635541261332578305	positive	Not Available
635619836538822657	positive	Having dinner with @maysoonzayid to plan 12th annual  NY Arab American comedy festival and AC/DC walked in. But couldn't get a photo
635858634027724800	positive	@JakeAReid planning on AC/DC live in Moncton? Coming up sooner than later, in Montreal on the 31st. At the big "O".
635952446402072576	positive	@smilelikepink I like Scorpions, Guns, Ac/dc, I downloaded u playing Yesterday cause C'mon it's Beatles
635967581627650048	positive	Angus Young's cap flew off six songs into AC/DC's set on Saturday at Gillette Stadium, but the guitarist didn't... http://t.co/36PHufBywo
636287426235924480	positive	I just realized I'm seeing AC/DC tomorrow. Holy shit, I've waited nearly a year for this!
636333501621661696	positive	This time tomorrow AC/DC will be melting my fucking face off along with 82,000 other faces. #acdc #MetLife
636380976432680960	positive	Someone see AC/DC with me tomorrow, I'll buy your ticket
636394431940325376	neutral	What's going on Wednesday? (AC/DC, Earth, Joseph Arthur, Darwin Deez, Jason Lescalleet, Alessia Cara, more) http://t.co/UBGX2eApJ3
636396611900321792	positive	I can't even begin to tell you how excited I am to go see AC/DC tomorrow http://t.co/APSkCbG9Wx
636518314508976128	positive	The day sure snaps awake when your 1st tune is Back in Black by AC/DC !! Good Wednesday #HR !! #HRMusicShare #HRPositive
636542685214437377	positive	Totally just got reminded I'm going to see AC/DC on the 20th!!! Wooo!!!
636927985967349760	neutral	Tweets about AC/DC establish Ashley Madison hack suspect - The hacker behind the recent Ashley Madison leak may ha... http://t.co/8RKJTKhya2
636928427082317824	neutral	Is there anyone going for AC/DC concert on Nov?
636931785054638080	positive	Just turned on my @pandora_radio and got The Ronettes followed by AC/DC. I just might survive Thursday if this keeps up.
636977259736399872	positive	For sale: one general admission ticket to AC/DC at Downsview Park on September 10th. You will have the pleasure of... http://t.co/jUDNkNCerg
637023375987109892	positive	We're excited to announce that AC/DC tribute band Big Jack will take the main stage at Fall Jam on Sunday September 27th!
637024446360875008	neutral	Not Available
637081475070844929	positive	AC/DC concert coming in September 8 at ford field already got me 2 tickets hell yeah! Just need to find me someone to go with ! Center stage
637112539067715584	neutral	Marichalar is probably gonna wake me up at 5:30 AM blasting AC/DC tomorrow because it's game day and oh he plays to tu que sabes
637211482787287040	positive	Alex Theriault: AC/DC!! John and Holly are rockin'! All the way to Magnetic Hill to see AC/DC on September 5th!... http://t.co/tX2yciTzJH
637226942668771328	positive	@AnthonyGermain bucket list tour to see AC/DC in Ottawa Thurs.  A friends first trip to ONT he's 52! (His bucket list) I will webcast ya!
637272224865521664	neutral	Did a love of AC/DC just out the identity of Ashley Madison's hacker?: A love of AC/DC may have inadvertently ... http://t.co/NdfOqs0hIU
637273940046385152	neutral	AC/DC tweets raise suspicions about Ashley Madison hacker's identity: A love of AC/DC may have inadvertently o... http://t.co/e51hUs50P7
637358551292346368	neutral	@adam_wadey remind her she was dancing to AC/DC last Sat night...
637452274655211520	positive	It's Friday night, at home sipping on some Crown Royal Whisky, listening to AC/DC, talking and tweeting with friends.   Life is good!
637599197752098817	neutral	Fly on the Wall [Remaster] by AC/DC (CD, Jul-2003, Epic (USA)) http://t.co/0Ufz1Lv0x2 #music http://t.co/limP2KUfbU
637809432890576896	positive	I know more about AC/DC concerts than Angus Young probably remembers and I'm only getting to witness it live on Monday. I just
637867653139271682	positive	@Hartleyjustin I'll be in LA sept 27 for AC/DC concert and staying at the Pink Palace. Will be n LA so will check the place out!
637902049967894529	neutral	Not Available
638342141572460544	positive	If AC/DC has a really successful show on Thursday, they will get a second show, that bumps one of the One Direction shows.
638358086990741504	positive	Monday tiring you down? Pump it up with some AC/DC cover from the ladies night &amp; karaoke hosted by KJ &amp; DJ Martin... http://t.co/QvO1aJ2Azg
638370183984222208	positive	Entertainment: AC/DC rocks the Big O Monday night * 69 http://t.co/yahyfeIFvj http://t.co/TJyaMT44gc
638374587525238786	positive	Just remembered I'm going to see AC/DC this Thursday lol
638545792047972352	positive	AC/DC tonight...One Direction on saturday, lets get itttttt #BigOsBumping
638683716286464001	positive	@johnhancockcbc This is the field at TD Place as AC/DC gets ready to play on Thursday! @OttawaMorning http://t.co/3rptfPa8Vp
638940182113161216	positive	Less than 24 hours to make your bid for the live auction of 2 tickets to the AC/DC concert this Thursday. Tickets... http://t.co/LUcZWoeheS
639122550287671300	positive	Is anyone going to AC/DC at Ford field next Tuesday?
639151037094469633	positive	Tickets to see AC/DC @downsviewpark on the 10th coming up on #JustASec http://t.co/DN1CZLoct5
639159279715545089	positive	Young or old, rock fan or not, you do not wanna miss AC/DC tomorrow #supershow http://t.co/SZEFg1j02n
639173291958239237	neutral	I've been left in the car park. May or may not be rocking out to AC/DC
639438669443502080	positive	This Friday! Start your Labor Day weekend with some Led Zeppelin, Aerosmith, Van Halen and AC/DC! LAVA Rock is... http://t.co/jobDSuOqti
639457875270742017	positive	Strive Recreational Therapy has a few extra tickets for the AC/DC concert at Ford Field, Tues September 8th.... http://t.co/34lpoFLSZc
639537119141175297	positive	In honour of the Big Show we'll play nothing but AC/DC tonight on our shop sound system. Then again, because of the Big Show we may not. ;)
639577639561359360	positive	There's a couple here, the 3rd row from the stage, wearing a tux and long white dress... for AC/DC... Lol ok.
639842757289373696	positive	Burritos with my homegirl Darcy for lunch, hangs with @Signalnoise and MC Nauss tonight, AC/DC tomorrow and a long weekend. #winning
640077457257795584	positive	Is anyone else going to/interested in going to see AC/DC on Tuesday?
640214000156848128	positive	It's cool outside and I've got AC/DC playing inside. This is how you adult on a Saturday night.
640242420228222976	positive	I really wish I was going to see AC/DC this Tuesday...
640356107274207232	positive	@Sky1Ron can you get me back stage for AC/DC on Sept 25th???
640490887861137409	positive	AC/DC is rocking out Perth's Domain Stadium in November... and we want you to be there!  Listen out for the cue... http://t.co/Ycra9z4MJn
640529937481379841	positive	Anxiously looking forward to AC/DC on Tuesday night with Bob Wilson, Kyle Wilson and Kelsey Suisse!  Who else is going???
640638429768851456	neutral	Not Available
640860896282046464	negative	Kinda sucks that the AC/DC concert is tomorrow cause I can't wait to see them play, but I don't want to go to school
640867036328009728	positive	Fun week ahead...holiday today...AC/DC concert tomorrow and off to San Diego on Thursday for the Lions opener on Sunday...#funtimes
640893279605796866	positive	AC/DC tomorrow at Ford Field. Someone is going to be tired on the second day of 6th grade. #butitshisfavoriteband \m/ \m/
640950156054142977	positive	@EddieTrunk wish you were at Midway, I would have bought you a beer safe travels Eddie.on way to Detroit for AC/DC tomorrow night! \m/
640954164437237760	positive	Only reason im excited for tomorrow is the AC/DC concert
640960724215439360	negative	My grandma "despises" me going to see an AC/DC concert tomorrow
641018928421060608	positive	Let's see... VaTech/OSU tonight AC/DC tomorrow night NFL kicks off Thursday 5:00 a.m. alarms every morning #startschoolyearoffwithnosleep!
641024188124372992	positive	Not Available
641033718275133441	positive	AC/DC tomorrow with @jamiscoates356 Idek if ill be going to school the next day tbh
641097610040877056	positive	Someone come see AC/DC with me Thursday
641133565728657408	positive	AC/DC with family tomorrow night in Detroit Rock City! LETS GO
641188113268641792	positive	@nbauer10 yep AC/DC tonight at Ford Field then on a plane Thursday to San Diego...
641191685234421760	positive	I can't tell you how much I am looking forward to AC/DC concert with my son in December. Um...OK, I can. Lots.
641255033636454400	positive	Im going to see AC/DC with my dad Thurs night and I only know thunderstruck bc when I played boys hockey we were thunder aka it was our song
641368361343975424	positive	Let's get thru this Epic Tuesday with T.N.T. (AC/DC) by Carles Badal #np on #SoundCloud https://t.co/R96hlA1NaP #tuesday #aftertheholiday
641605506973306880	negative	Guy I'm working with probably disappointed that I don't care he's going to see AC/DC tomorrow
641620412678451200	neutral	Not Available
641629245790404608	negative	AC/DC is in Toronto tomorrow and I can't believe I'm gonna miss it
641638855477731328	positive	I wanna go see AC/DC so bad on the 15th.
641182669821358080	negative	A little worried about Amazon. The collection was meant to go up on Saturday but is still not available.
641186469944651776	positive	@TheHumbleSage Thanks for sharing this course Gary. :) You may want to check out this blogpost on Amazon ML as well: http://t.co/OyOBwIfDaj
641198931217547264	positive	AMAZON. This amazing company sells anything available under the sun, including "Cloud". Absolute disruption.
641215923362271232	positive	Amazon to Release a $50 Tablet   Amazon plans to release a $50 tablet with a 6-inch  September 8, 2015 http://t.co/pMn4qxYB1d Cool Tech!!!
641218935053000704	negative	E-books in US: prices rise due to deal Big 5 publishers with Amazon, sales down 9.3% (Jan-Jun 15) http://t.co/iaqoUrslrR /v @michaelbhaskar
641235224450338821	positive	I've just listed this book for sale on Amazon. This is the 3rd edition, revised, of a thorough, 410-page... http://t.co/Q1S6KoFDiY
641237443295973376	negative	May all the items saved for later in your Amazon basket increase in price #moderncurses
641242217881948160	positive	Not Available
641243340239994880	neutral	@VesperAkiri The item may be sold by a number of sellers or Amazon directly which could change delivery estimations. Do you have a link? ^KW
641253680365334528	positive	Also, The Forsaken Comedy is free until Friday!  Pick up From Hell with Love and the sequels from Amazon http://t.co/oWLap47lZ7
641256326736314369	positive	Not Available
641256781428183042	positive	Out October 1 on Amazon US &amp; UK. (Thanks for the heads up @thatkiddjoe!) #MockingjayPart2 https://t.co/L83F32XlOl
641262559035830272	positive	Nice. The Man in the High Castle will be on Amazon Instant on November 20th.
641267504296382464	positive	Mending the Piggy Bank | 10 FREE Children's Kindle eBooks on Amazon (September 8 Roundup) http://t.co/rzKDbZUpBU
641268293282623488	positive	DEAL: Nexus 6 Drops to $349 at Best Buy Too: On Friday, Amazon cut the price of the Nexus 6 across the board b... http://t.co/RFBRJADxiy
641274461530927104	neutral	Not Available
641274744835194880	neutral	Drone Drop-Offs at Your Door Won't Happen until the FAA Delivers: At a NASA convention in July, Amazon... http://t.co/zOfvTy2uvR #Amazon
641277646056374272	positive	Good News: @Film_Movement will be releasing us in the US. VOD, iTunes and Amazon from Oct 2nd, DVD Dec 1st - all under a new title: AMOROUS
641283236929269761	neutral	I'm so bored in 2nd I just bought some stuff on Amazon
641286935772708870	positive	While software may be eating the world, Amazon appears to be eating everything. Amazon Prime will soon include free restaurant delivery.
641287889112928256	positive	Amazon may intro a 6-inch, $50 tablet - half the price of its current low-priced model, for the holiday season
641303378719543296	negative	Aw man!My pre-ordered Blu-Ray copy from Amazon doesn't get here until the 14th!I should have just gone to the store! https://t.co/86ng9gtUMJ
641307848568344577	negative	Not Available
641309506748682240	positive	@TravellousWorld Nice to meet you on Twitter! Anything Amazon travel related you may need, we're here :) !
641310847470567424	positive	When Apple brings games to AppleTV tomorrow, it will matter because unlike OUYA, Amazon. Razer, etc, Apple has 10's of millions of AppleTVs
641312202528567296	positive	Yes, highly recommend "Curiosity" by Amanda - get it on Google Play, Amazon or other outlets.  https://t.co/B4sbFe14xO
641323600822304768	positive	@BiteThePain I ordered it from Amazon, should have it by Friday.
641324610580021248	neutral	@BritishGasHelp Hi guys I changed my tarif over to fix and reward sept 16 and it came with a Amazon voucher when will I receive this ?
641330241965789184	positive	Preview "Suite 12" on Amazon and check out the album tomorrow! #urbanartsent #1smrecords #doingjusticeishine http://t.co/HKC5T0VQKE
641334097328140288	positive	@SilentCoda @CobraOrlando @yankeejack I just ordered several mongoose from Amazon. They'll be on my doorstep tomorrow morning.
641338069287759873	neutral	Umm I maybe spent more money than I should have today oops. Well hopefully the sphero Amazon order dosnt come until Friday at the very least
641338441024712705	neutral	New Release September 9th which is the prequel to Complicated Love Affairs by Yolanda Dumas available on Amazon. http://t.co/wJSUQwE0t1
641342271833534464	neutral	Amazon may sell $50 tablet with 6-inch screen during the Holiday Season http://t.co/bBGjtZ3MSb
641342385348210690	positive	. @bzamayo I think you're right. Given Amazon's advances with Alexa Skills Kit and Echo, a 3rd party Siri API has got to be on the cards.
641350001637982209	negative	ordered my back pack off of Amazon 3 weeks ago and it turns out they lost my package and school starts tomorrow #sick
641351471645089792	neutral	Yuckiest Food in the Amazon due Thursday!
641357094654885888	positive	Amazon may be cooking up a $50 tablet The Internet giant is reportedly working on new Fire tablets for the... http://t.co/yRmqFq3PxN
641357479692009472	positive	I want this. And yes, I'm playing on Amazon instead of reading for class tomorrow. Because my head is spinning. http://t.co/tCqn6T2KEv
641358180711206915	positive	#RT The 3rd book in The Viking's Apprentice series has been released. Amazon users get it here http://t.co/0pJjo6xXN7 #amreading
641361087766528000	neutral	@Alex_Olney Was going to but then GAME had to go crazy whacko so I'll probably see if Amazon still has the amiibo ed. in stock tomorrow.
641365273417662465	neutral	Anyone used @googleexpress? Not sure if $95 a year for next day is worth it. Think Amazon may have more choice. Cool to have option though.
641368424145387521	negative	For anyone who lives in the UK &amp;has ordered Shay's book from Amazon, it isn't available for release day delivery so it won't come on the 6th
641370873757335552	positive	CNET Update - Amazon may be cooking up a $50 tablet  Oh My God! Welcome back @BridgetCarey I missed you so much!! http://t.co/kRWg3EQjez
641372583892422657	positive	Not Available
641378494757400576	positive	@scott_trudi @seanflanery You have to put it on your Easter list: Release date is April 5th 2016. You can preorder on Amazon.
641380820180172801	positive	Adventures of Thor,  Bath Time. 2nd  children's book coming soon to Amazon. It's about a cute beagle and bath time. http://t.co/gRhsRLeCZM
641385971460648960	neutral	Need S10 but will probably wait until around Black Friday since it would be just $10 in stores and on Amazon.
641390986367668224	neutral	@Oscar_Mayers12 Amazon rentals. They'll charge you till the end of December but you can extend the time you use it
641394457871536129	neutral	@_tomcc Amazon released it on Friday. It doesn't have in game music though. Is it suppose to?
641400128612511744	neutral	It was through a 3rd party seller, which I thought to be a trustworthy company as to why I bought it. So hoping Amazon can help me out here
641400681597939712	positive	Amazon #PreOrder is #Live for Vivid!! Go Pre-Order your copy and have it on your kindle October 11th!  Amazon US:... http://t.co/ThdThD507V
641403375972552704	neutral	@LikChan Nice! I have the bottom two! Where have you been getting yours? (I paid exorbitant Amazon 3rd party seller costs for Xenoblade)
641403775442362368	positive	CINCH YOUR SADDLE is live on Amazon!  Only 99 cents until tomorrow evening.Thank you gift! http://t.co/J5t7LzjquS http://t.co/MOO1hUsmIQ
641404820855914496	positive	Happiness cause Amazon just notified me that my Bluray version of Gotham will be here tomorrow!
641405573007708160	positive	Not Available
641407598084923393	positive	@jurxssicpratt i just ordered one from Amazon it'll be here on Friday let's fucking rOLL
641407753383227393	positive	OMG!  See you on Amazon! https://t.co/uU7yfD5O6E
641426301845393412	positive	Somewhere, my mother just sat straight up in bed. "Is that...a cowboy hat? ARE THERE BABIES INVOLVED?" ::she desperately clicks on Amazon::
641426934426013696	positive	I'll make these available on Amazon tomorrow as well! http://t.co/4mXBrJRTS9
641437722045890561	negative	Well one $99 Amazon prime fiasco later my stuff for the game Friday is guaranteed to be here Thursday...I'm counting on u Amazon!
641439198021615616	negative	@burninglisa omg i can't use my credit card reward points on preorders and it's not available on amazon until the 18th -_- can u wait?
641446257173528576	neutral	Not Available
641454770897588224	positive	Grady Harp - Top 100 Reviewer on Amazon gave my 1st #sophieandscottie book 4 stars and the 2nd book 5 stars. #chapterbooks #juvenilefiction
641462939090817024	positive	Had this new planner on my wish list on Amazon.. Let's just say it's on the way and will be here Friday :)
641468264413945856	positive	there and I added quite a few items to my "Wish List" that they have on Amazon for items I may wanna purchase in the future)and earlier
641469518846496768	neutral	@eckoxsoldier For some reason Amazon app store had the update on the 5th or for some reason my mcpe updated to 0.12.1 back on the 5th!!!!!!
641472127665864704	negative	Amazon's refusal to integrate nicely with the Android ecosystem may have been its undoing in the Fire phone market.  http://t.co/6mBZz0eazc
641472833076469760	positive	@grace_march I'll check tomorrow to see if it's on Amazon or Netflix :)
641476313761611776	positive	Amazon is offering free two hour shipping or 7.99 one hour shipping. I'm going to have to try this out tomorrow.
641487529703817216	negative	Author: IF I've EVER reviewed your book, grab a screen cap NOW! Amazon may pull it down. http://t.co/jA1RTUZlBp http://t.co/hs0Lox27ez
641492941454901248	neutral	my uroboros tracking from amazon is different... i hope that means it's coming via the route that will make it in time for friday delivery!
641497329112059904	neutral	@SallyTenhoopen no but about to go to bed bc I may get called for 1st...lol. It's a lot to explain...by Ella James. Pull it up on Amazon.
641499203730960384	negative	My Amazon package was supposed to be delivered today by 8pm. Guess that means I'll get it tomorrow before 8pm?
641499463316582400	positive	ROSES ARE RED just received its 10th review on Amazon! DOUBLE DIGITS! :D... http://t.co/9Yo4yVnzSF
641503123119341568	negative	Damnit Amazon! When you say you're going to ship something on the 8th, I expect it to ship on the 8th!
641506752848990208	positive	; A; impulsively bought a docking station for my laptop 'cause I needed one and amazon said it would arrive tomorrow if I ordered now
641509564937076737	positive	Not Available
641510138235367424	negative	@AmazonHelp You may please check my pending complaint with Amazon for which I write many emails and called customer care.
641512481647517696	positive	Not Available
641514019304697856	positive	New wish list on Amazon.  Hoping to get on @chaturbate tomorrow during the day ;) http://t.co/1PJi1AeCfY
641525132738039808	negative	@Monomirror JELLY. Mine won't be here until Friday because Amazon are tight with shipping dates :(.
641540897243561985	positive	I ordered a 64GB Nexus 6 from Amazon a couple days ago. It just shipped and should be here on Thursday!
641548065040658436	neutral	@MCPEsuggestions got Amazon last Thursday, got IOS last night but the update isn't showing in Google play store yet...
641561756259643393	neutral	Not Available
641566947566616576	positive	@adams0421 Thanks! Make sure you snag a copy from Amazon or your local shop so you're ready for issue 11 in November :)
641597227652280320	negative	@VofEscaflowne this is the exact reason why I don't preorder Friday releases from Amazon. They always push it back to the Monday delivery.
641605833101561856	neutral	Spike Lee on his new project, Amazon's 1st theatrical film release #Chiraq "Art can impact the world in a positive way and a negative way."
641611227765080064	positive	@mcelhearn Thems the breaks. I may have made more $ from the Fire Phone than Amazon did. ;)
641621763126902784	positive	Email from Amazon this morning tells me the new @thebenshi book will arrive on Tuesday!  Looking forward to the #narrative on #science
641623668074917888	neutral	5 star SEO Author promotion page designed 2 help come up in the 1st page of search engine results, above Amazon &amp; SWs http://t.co/RtS3AWlyCB
641626377142169601	positive	Amazon Hiring Fair: $11.25 hr. with a shift differential - Free Transportation - Benefits September 10th 2015... http://t.co/DXSsyXcPD5
641629066223833088	positive	amazon: http://t.co/bS0inFfjok Listen to ad free music online with Amazon Here http://t.co/9Y3QhDQVHB and sign up for free
641632441665347584	positive	@AUThackeray You may check with Amazon for Kindle as it's screen is glare free and can be read in Sunlight too.
641636086398087170	positive	Can't wait! I'm so happy I can sub on Amazon to see it!  https://t.co/idkKtz2IGQ
641641548741017600	neutral	Wines of France was scheduled for publication tomorrow, but Amazon released it early. Look inside at http://t.co/Wle3SNe0Wl
641647937236373504	positive	As Apple goes bigger/expensive on Tablets, I had a nice chat with @KatieGBurke about Amazon going smaller/cheaper https://t.co/HwE8yZ5Ul7
641648591279378433	positive	Congratulations to Jessie, for winning the July/August challenge! A $250.00 gift card to Amazon! Great job Jessie!!! http://t.co/GN5ZeuWjD7
641649190355996672	negative	Amazon rainforest: Lungs of the world has lost a 10th of its trees in 5 decades http://t.co/Ox3QzWX65P
641651845421768704	positive	Thats what I did with mine. I scoured Amazon for months and found a deal just like that and snatched it up so fast. https://t.co/QsooHxmirg
641661703508332544	positive	@Marnie_Riches just finished #thegirlwho pt2,Wow! just Wow! You got a date for part 3 yet? Amazon is saying March 16 but ad says October 15?
628810212095475712	negative	Trying to watch Any Given Sunday on Amazon Prime and there's big chunks of the film cut out
628854701858099200	positive	Good to see @eamonngriffin new book available in hard copy.  Amazon Prime bringing it tomorrow.
628885558488637440	positive	On the ball, @Amazon: 2 emails today announcing that Clarkson, Hammond and May are to make a series about cars for Amazon Prime! Who knew?
628925899929313280	positive	I have discovered that Bobby's World has unlimited streaming on Amazon Prime. I may or may not be watching it while I'm on the bike.
629069918315544580	negative	Heads up: An important change to Amazon Prime effective August 1 will limit how you can share free P... http://t.co/BndStpoVJq @debtblag
629122242236932096	negative	I'm bummed with Amazon Prime right now. I ordered something and it was supposed to be delivered today, but it wasn't and I leave tomorrow :(
629231802469732352	positive	Hammond, Clarkson and May have signed with Amazon Prime http://t.co/MMxlghe3Ja via @wordpressdotcom #AmazonPrime #Hammond #Clarkson #May
629541944063074305	positive	@DailyJulianne But if I need a power adaptor that may be my next Amazon Prime buy tomorrow...tbh the luggage alone was stressful enough.
629606784706195456	positive	Amazon Prime summary: great if you order loads of stuff, Sunday delivery, home essentials with Now. Prime video is a nice bonus.
629739536801771520	negative	Not Available
629747510442098689	neutral	I just cried at the Amazon Prime advert with the boy in the Superman outfit. Wild Friday night
629750527560142848	positive	Anyone seen these? Just stumbled across them on Amazon Prime. looks like I may have just planned out my Friday night. http://t.co/lqQtv9cLOI
629984420049592320	positive	Transparent is a good show, recommend it! On Amazon Prime though so if you don't have it you may have to locate another means of watching :P
630016985909358592	positive	Thought BBC lost @ripper_street to Amazon Prime but delighted to see it back on TV for 3rd series. Period detective drama at its best!
630362430535782400	positive	Not Available
630374444830171137	positive	Amazon Prime is pretty nice :D ordered my cousins bday presents Friday and they're already in the nearest usps location.
630471077311946752	neutral	Not Available
630556126191325184	neutral	@LadayKay @IMFletcher2 If you have Amazon Prime, it may be for you. Best Buy is dropping the cost of the Fire Stick, I hear.
630801838544031744	positive	@TADAMZZ Those are some big words, I'm hyped. I'm getting it tomorrow, Amazon Prime is a beautiful thing.
630877542736658433	neutral	tfw the 2nd The Hunger Games movie is on Amazon Prime but not the 1st one I didn't watch
630939756440846337	positive	Ahhhhh I'm getting a turntable tomorrow! Shouts to Amazon Prime one day shipping!
630949831817605120	positive	@BaltanII Risers will help for sure I think, just got a couple sets from Amazon Prime due tomorrow to see if I like them or go elsewhere
631228786265096193	positive	@AlanClayFilm Will do!  Hope you'll check out my 1st feature @SurvivingFamily on iTunes and Amazon Prime!
631808336032366592	positive	Just in time since we are almost done with the Justified Series on Amazon Prime.  &lt;g&gt; https://t.co/P2mV963TuA
631863912976252928	positive	@stephaniepratt Made in reality ordered from Amazon Prime - I'll have it tomorrow !!! Cant wait exciting timesxxxx
631954824100102144	negative	I'm kind of confused why my Amazon Prime stuff that shipped today isn't coming until the 19th-24th. That's certainly not two days.
632005394106331136	neutral	@beyonseh I have Amazon Prime which is supposed to be like 2-Day shipping but it says mine won't be here till next Tuesday :/
632192537156042756	positive	This just in, new car show on Amazon Prime to be called "2nd Gear"! Cheers to @JeremyClarkson and company!
632262593889984512	negative	"Arriving Tuesday" is decidedly the least Prime my Amazon Prime shipping has ever been. Wha happen?
632416925348294656	negative	Not Available
632436722324783104	positive	This is on Amazon Prime! Can't wait to see it tomorrow!  http://t.co/i2iqRNdF4V
632569836049141761	positive	Related: spending my Saturday watching the original Man From U.N.C.L.E. on Amazon Prime because HOW HAVE I NOT DONE THIS BEFORE??????
632584620811395073	positive	@KingsHillChat love Amazon Prime just placed an order and it will be here by lunchtime tomorrow. Great for impatient shoppers like me.
632648782199554049	positive	Thanks to Amazon Prime I have a new phone case coming tomorrow. I don't want to do what my momma did and drop it and smash the screen.
632658096150716416	positive	Nice: @BrandRepublic 2nd spot in Amazon Prime's #TV #campaign shows next day delivery coming to rescue of a lame #dog http://t.co/8Blxhg0SV7
632670282025668608	neutral	Not Available
632670426725023745	neutral	Seeing as you have to be apart of Amazon Prime to watch certain shows, I may have to join to see the rest of The Man in the High Castle.
632730639507197952	neutral	@misanthropester @go4abe 3rd Bass documentary going straight to Netflix and Amazon Prime
632911254957350912	positive	Ordered pair of cardboard cutters Friday on Amazon Prime arrived at my house at 3:32 this morning. I trust the drivers are getting paid well
632985427406913536	neutral	I started #TheAmericans on Friday courtesy my vacationing cat-owning neighbors with Amazon Prime. Oops. Uh, I'm not paying Amazon myself.
633021033281388544	negative	The ONE time we want to use the Amazon Prime streaming and it's down... grrr ruined my Sunday night! @AmazonUK
633405121976778753	positive	@myk_saiten That's a great movie. It's on Amazon Prime too. I watched it for 3rd time last night.
633621678392770560	positive	Decided to make the most of my Amazon Prime, by seeing what all the hype about #RayDonovan is about. 1st episode is heavy going..
633679857331908608	positive	If you haven't seen @iambigbirdmovie from my husband @chadnwalker, catch it on Amazon Prime starting Sept 5th! http://t.co/gjOyPozJZT
633827911972356096	positive	@JustopolisTv Um, I may or may not have bought the first season on Amazon Prime and am kind of excitedly freaking out right now.
633838929767211008	positive	And lemme tell you why my Amazon Prime addiction is real. I COULD go to the store to purchase an umbrella, but Im online. Delivery tomorrow.
633839875989590017	positive	Yeah, that's pretty real. Amazon Prime is that crack! Hopefully it won't rain until they deliver it to you. Lol https://t.co/YRzygSrRky
633905855797309440	negative	Such a retard! Somehow managed to get another trial for Amazon Prime and I've forgot to cancel it for a 2nd time
634134662621691904	negative	Great, my cables have now been bumped from being delivered today to friday. Thanks Amazon Prime, really feeling the worth here.
634738654175342592	positive	Did I miss something?  Just placed an order from Amazon Prime with free 2 day delivery and got a guaranteed date of Sunday?!?
634789226140139520	negative	Ordered 3 Amazon Prime items yesterday. One will arrive Saturday (2 days!), another Sunday (3 days?), the third on Tuesday (5 days???).
634819130269532160	neutral	I like testing Amazon Prime shipping so I don't order shit till 5:00 on a Friday to see if they can get it here by Saturday...
635106856612925440	positive	Making sure I get the most use out of my Amazon Prime account is my Saturday morning ritual.
635230466329681920	positive	Just got my The Great Unknown  download Free on Amazon Prime! Sounds great!!! @ThisIsRobThomas it  just may be my new favorite CD!
635669962074554368	negative	Yeah, I know it's Sunday delivery &amp; whatnot - and who else does that?! - but my Amazon Prime package is 3 and a half hours late... So far...
635844755356819456	positive	@HeatherSolos @gameofkittens Amazon Prime should have it here by Wednesday. Squee!
635867899173957634	positive	*counts down the days until October 6th and blesses Amazon Prime shipping* @JillShalvis
636084058385195008	neutral	I'm a sociologist with an Amazon Prime account; I also eat strawberries in December. I am the problem!
636303625938075648	neutral	Amazon Prime now delivers alcohol to fuel your drunk online shopping: http://t.co/iYwzcSkJB5 said on Tuesday it... http://t.co/xyIpzYvwye
636391115034333185	positive	As he stared at his monitor, the decision to puchase Amazon Prime was suddenly an easy one for Steve Sarkisian https://t.co/pql6rXVmle
636597885103153152	neutral	Im in the mood to watch Next Friday but Netflix don't have it. Let me check on Amazon Prime
636613774259064832	negative	Not Available
636698611867385857	positive	@MrsAshRick I used Amazon Prime to get Harper a Pete the Cat shirt :) Wish she could have it in time for the Pete the Cat parade tomorrow.
636699757231083521	neutral	I don't have cable, so I'll catch up with Suits via Amazon Prime tomorrow.
636702823577612288	positive	@HurricaneDana If you have Amazon Prime, you can stream the first 2 seasons. I was hooked 1/2 way through the 1st ep.
636712645568163842	negative	Finally broke down and got Amazon Prime and the delivery on my 1st purchase as a member is late. @amazon I was expecting better.
636770930019053568	positive	from September 2nd in Japan: Netflix, Amazon Prime Video + Hulu and all the other streaming services already operating. Which one to choose?
636904941328728064	positive	Sneaky Pete on Amazon Prime! Loved the 1st episode! #sneakypete https://t.co/uUuZac3g64
636956939008786433	positive	Ordered some stuff off Amazon for the stream! should be here Saturday because of my free Amazon Prime trial that expires tomorrow.
637039838580113408	positive	When you're sick of waiting for a book to come in from BN so you ask your husband to order it via Amazon Prime. Yup. Getting it Saturday.
637209631027261441	positive	Treat yourself to TabletTV this Bank Holiday. Order today with Amazon Prime and you could have it tomorrow. http://t.co/WrSnRzLWI2
637222123476533248	negative	Aftr network drop Amazon prime streaming deal for 2 more years make the show unsignable for 3rd season by anybdy but amazon.
637453598734057472	positive	Friday the 13th The Series is on Amazon Prime. See you all Monday
637722386683424768	positive	Just had my 1st experience with Amazon Prime. Holy. Crackers. Amazing.
638013081818415104	positive	I just found Quest for Camelot on Amazon Prime. My Sunday afternoon is complete
638027598707167232	positive	Not Available
638209440785805312	positive	Tonight I spent 20 minutes looking for someone with Amazon Prime so I could order a Ouija board for Friday without my mom finding out #adult
638390556675194880	positive	The 1st season of Hand of God, with @perlmutations, will be available 9/4 on Amazon Prime.  WTG @perlmutations!!! Loved you in Blacklist!
638756190202126336	neutral	Ship by region provision may augment Amazon Prime's two day shipping deal: http://t.co/79tuJxhAVw
639002332219502592	positive	Traveling just got a bit more pleasant for Amazon Prime subscribers. On Tuesday, the online retail giant announced&amp;nbsp;that it's now
639067023054651392	positive	If you are a frequent flier, you may want to finally get that Amazon Prime membership... http://t.co/eHXGq4I85B via @UPROXX #Flying #Amazon
639111212870037504	negative	Amazon Prime fucks me off so much, like you get really into something and then after like the 3rd season you have to pay. FUCK OFF.
639121032830394368	positive	2 days until #HandofGod arrives on Amazon Prime. We'll have a review for you tomorrow. Until then, here's a trailer: https://t.co/GX2dj7mTUe
639228849704804352	positive	Grocery delivery services Instacart and Amazon Prime Now to the test in this Does it Work Wednesday: http://t.co/530E2CKNZ1
639679594757533696	neutral	@Lizzlie WHSmith I think? Or an Amazon Prime account would get it there by tomorrow
639789494120677377	neutral	@darthgm a) I only just now found out about Force Friday what the hell. b) Amazon Prime those blasters.
640278345461141504	negative	Yes that's right @BBC close down your best channel why don't you? You're not meant to be Netflix or Amazon Prime. https://t.co/lGjY1zGkaV
640446365731057664	positive	Amazon Prime deliver on a Sunday...just saying...
640751933171597313	neutral	Somebody remind me to cancel my Amazon Prime trial membership before the 30th so I don't get charged for the year.
640882391960129536	neutral	Munchkin Steam Guard Electric Sterilizer $16.64 @ Amazon Prime only  May not be the best Steri http://t.co/awMatTyP6K http://t.co/nz7m1a9LRp
640896835234701312	positive	The new episode will be up on Friday but you can prepare by watching @Madonna dry her pits for free on Amazon Prime. http://t.co/PqzgM739gp
641050683731496960	positive	See how cute she is on her day off? I spent my day off in my pjs watching the 1st season of Survivor on Amazon Prime http://t.co/wns6D1ZTiU
641274412629553152	positive	@strawbsoda I just got Amazon prime last night and ordered a new mouse pad, and it's gonna be here TOMORROW woo
641284529982959616	positive	@mwVme we've got a 2nd gen roku and really enjoy it. same here with Netflix and Amazon Prime
641286935772708870	positive	While software may be eating the world, Amazon appears to be eating everything. Amazon Prime will soon include free restaurant delivery.
641323432186089473	positive	Judging by all the book-sized packages awaiting her arrival tomorrow, our local indie bookshop owner is an Amazon Prime member. #awkward
641354192422989824	positive	Since it's free on Amazon Prime, I'm gonna watch Teenage Mutant Ninja Turtles now. May the gods have mercy on my soul.
641367727270174720	positive	Dont be on Amazon Prime at night. Amazon Prime is the new Home Shopping Network.You mess around &amp; have 7 blenders at your door on Thursday.
641418634770825216	neutral	@mjrhcpfan4life I'd just order it from online then. If you have Amazon Prime, you'll have it by Friday.
641648879646175232	negative	Amazon prime is literally a lie....I ordered a book LAST MONDAY &amp; it still isn't here. do better @amazon
621334741221048320	positive	For any Amazon Prime members, today is AMAZON PRIME DAY! Which is said to be bigger than Black Friday. If you are... http://t.co/jIZZ5tQyuq
621335034859925504	positive	**If you love a great deal-- don't forget Amazon Prime Day is today!    They have "Black Friday" type deals.  I... http://t.co/Tp8LQYoLzG
621338343746355200	positive	Shop on Amazon Prime Day with us!  More deals than black friday, and 7% goes back to patients http://t.co/H5vMpMz3gg
621339506529054720	positive	It's AMAZON PRIME DAY  -- they say it's better than  BLACK FRIDAY so enjoy! http://t.co/sLkWG5d8fZ
621340194382475264	positive	It's Amazon Prime Day using the Autism Sprinter link, it's a new as good as getting deals on a Black Friday!!... http://t.co/1jOvC3C8zf
621340584804888578	negative	Amazon Prime Day is just like Black Friday if you only buy bulk protein powder and will-making software on Black Friday.
621341016587698176	positive	Today is "Wishlist Wednesday!"  It also happens to be Amazon Prime Day...get to it: http://t.co/BRsTDbinPI
621342283703693312	positive	Amazon says it's offering more deals today than Black Friday. 8 tips for taking advantage of Amazon Prime Day: http://t.co/535p9N7iYj
621345130700615680	positive	Amazon Prime Day, July 15th All Day, One Day Only Lots of good deals, check it out #happyprimeday... http://t.co/C56fTxkj3E
621346870686826496	negative	I was really excited for the Amazon Prime Day sale, but everything is garbage. Better than Black Friday my butt!
621347496103514112	positive	Not Available
621351052047028224	negative	Amazon Prime Day Disappoints Some Shoppers: Amazon Prime Day promised 24 hours with "more deals than Black Fri... http://t.co/IC2k72pSXV
621351167394729984	positive	Amazon Prime Day is here! More deals that Black Friday! Check it out. http://t.co/XHQLLXiVq7
621351900311478272	negative	Amazon Prime Day its better than black friday if you are into buying useless crap. This "sale" isn't worth having Prime at all.
621352732117504000	neutral	Amazon Prime Day, but instead it's just Wednesday.
621354798126764032	negative	Not Available
621355228009472001	positive	WOOHOOO! They have released a list of the sneak peek deals for Amazon Prime Day tomorrow! Cheap Nikon Cameras,... http://t.co/iFxPpGGs8d
621357165211742208	negative	This Amazon Prime Day thing is just like Black Friday, if you ignore the part where Amazon didn't put anything you want to buy on sale.
621358259933462528	positive	It's #Wishlist Wednesday! Amazon Prime Day is in full force and CNET is keeping an updated list of the best deals. http://t.co/f5adaGJNMN
621359167974961153	negative	Is it just me, or is Amazon Prime Day less Black Friday and more your weird neighbor's garage sale?
621360556868521984	positive	Happy 20th Birthday Amazon! Amazon Prime day is bigger than black friday! Support QCHF, save money, and feel... http://t.co/VQAymDOG8N
621365073701810180	positive	Amazon Prime Day is today-more deals than Black Friday. Eligible #AmazonSmile purchases earns us 0.5% when you shop https://t.co/rcF4T9Qmjp
621365125623189504	negative	Not Available
621366451421622272	neutral	24/7 Wall St- Was Amazon Prime Day a Dud?: Everybody was watching to gauge the impact of Wednesday's Amazon Pr... http://t.co/1AUaJhXUIA
621375187255083008	positive	Today only is Amazon Prime Day, which offers more deals than Black Friday! If you plan to shop, don't forget to... http://t.co/NAr3TbYeMd
621392677519540224	negative	Amazon Prime Day disaster: 16 people who may never get over it: Amazon Prime Day, despi... http://t.co/rhQjPgJcaG http://t.co/uag8Lw1DTu
621393831326576640	positive	Tomorrow is Amazon Prime Day. FREE 30-day trial to take advantage of all the sales tomorrow. http://t.co/R0OFTOD50U
621397987722416129	positive	Amazon Prime day might be better than Black Friday for real
621399334806884352	negative	Amazon Prime day is pretty much a bust at this point. Black Friday, its up to you to save us.
621403164856549376	negative	Amazon Prime day is black friday for people with a fixed address #PrimeDay
621407198153998337	positive	Check Out: "Amazon Prime Day just outsold Black Friday" http://t.co/83GhTyrFl5
621410470252138496	positive	verge: Amazon Prime Day just outsold Black Friday http://t.co/BehdYR1U3m http://t.co/YkH7a6gWC4
621411446958600192	neutral	Amazon Prime Day deals pose little Black Friday threat: A blue Selfie Stick Pro with 3-in-1 Bluetoo... http://t.co/CcVDOpXnHd #Bluetooth
621411710520262656	positive	#TheVerge Amazon Prime Day is taking over Black Friday: Amazon has created its own holiday. The company just a... http://t.co/fonw146CDG
621413610657443840	neutral	Not Available
621417205742219264	positive	Amazon Prime Day: The big offers as retailer launches day of deals bigger than Black Friday https://t.co/ead3WAFEbT
621420485411082241	negative	Amazon Prime Day: What all the fuss is about: Amazon's Prime Day promised massive deals rivaling Black Friday,... http://t.co/DUhXiEglXm
621422587382358016	negative	&gt;Gamergate is a hate group &gt;Amazon Prime Day is going to be bigger than Black Friday  What do these two things have in common....
621422611847880704	negative	Amazon Prime Day is to Black Friday, as a root canal is to Christmas Day.   The hype didn't live up to the delivery.
621423173880315904	negative	Amazon Prime Day is a bust. This was going to replace Black Friday? Now I feel justified in sleeping through "sales." #AmazonPrimeDay
621424730407587840	negative	Where I truly believe Amazon failed for their Amazon Prime Day sale.... The moment they claimed it'd have "Bigger deals than Black Friday"
621426617479335936	negative	I knew Amazon Prime Day was destined to fail when I saw it was held on the 15th. 15 is composite not prime... #PrimeDayFail
621432923137257472	negative	Amazon Prime Day beats Black Friday says retailer Amazon Prime Day may have been an excuse for the retail... http://t.co/etdwgObjC2
621435426197368832	negative	Granted, I'm comparing it to giving birth to our 2nd kid, but I'll add my "Well, that was anti-climactic" to the pile re: Amazon Prime Day.
621435513069813760	negative	Well Amazon Prime Day kind of sucked, didn't it? I was hoping for much more. "Bigger than Black Friday," huh?
621440496297201664	positive	Amazon Prime Day is here! Members can get some amazing deals today, just like Black Friday! Please consider our... http://t.co/epRatK8H33
621441702021210112	positive	What have you scored today?   It's Amazon Prime Day ~ More Deals Than Black Friday! #HappyPrimeDay ----&gt; http://t.co/yKhWFKrvH3
621442454743568384	negative	So Amazon Prime day got rained out right? Cause there's no way those deals rival Black Friday deals. When's the rain date?
621443908090793984	positive	Not Available
621449015217909760	positive	If you are one of the many shoppers out there wanting to take advantage of Amazon Prime Day today July 15 -... http://t.co/hbQaLKwDzV
621463364758212608	negative	Was the Amazon Prime day a big hit? Well.. there's a #PrimeDayFail hashtag trending. at 5 our @PriceCBS8 reports on what may have gone wrong
621468278909579266	negative	Amazon Prime Day... tried to be Black Friday but realized it was, in fact, born white. #PrimeDayFail
621472538737119232	negative	Amazon Prime Day is the equivalent of drinking alone at home on a Friday night.
621476594809319426	neutral	Did you know that 'Amazon Prime Day' was Trending Topic on Wednesday 15 for 3 hours in Glasgow? http://t.co/WFzRrXFrr2 #trndnl
621477327592124416	negative	Amazon Prime Day is basically all the stuff that was left over on January 2, right? LAME.
621479832078057472	positive	Not Available
621493751421239296	negative	YOUR TURN: Amazon Prime Day was supposed to put Black Friday Shopping in the dust.  But many say it's a garage... http://t.co/JKKRkhKLOK
621499189248307202	neutral	Only TWO spots remain in my July 26th camera workshop. There's just two hours left to get my Amazon Prime Day... http://t.co/BMvufAURd7
621499402474139648	negative	We have finally discovered a day of the week worse than Monday: Amazon Prime Day. Seriously, Monday &gt; Prime Day. #PrimeDay #PrimeDayFail
621500508738457600	negative	Not Available
621511488642093056	neutral	Jesus may have been born on Christmas and died on Easter, but he got the tableware for the Last Supper at 40% off on Amazon Prime Day.
621512105842343936	negative	If Amazon Prime Day is "better than Black Friday" then I'm going to sleep in!  Should have been called Amazon Garage Sale Day!
621513803532890113	negative	After witnessing it, I now realize I've seen Amazon Prime day every Saturday for years....we call them "garage sales"
621514097935298560	negative	Not Available
621515755729895424	negative	I knew Black Friday. Black Friday was a friend of mine. And you, Amazon Prime Day, are no Black Friday.
621519370921967620	negative	So it turns out Amazon Prime Day *did* turn out a lot like Black Friday--overhyped and not worth the time. #BitterOldManTweet
621522460807143424	negative	Amazon Prime Day? Amazon Scam Day is more like it. More deals than Black Friday my ass! http://t.co/ErRgfAbaXt http://t.co/y73hvTOy9Z
621539340498391041	neutral	Why was Amazon Prime Day on the 15th? That's not a prime number. Should have been the 17th #Math
621546116929208320	neutral	Amazon Prime Day is not the new Black Friday as British retailers have little appetite for mega sales... yet. http://t.co/JgLdIuLtHE
621554188288421888	positive	Self: Tis July 16 already. So proud of you for not falling for the Amazon Prime Day sale gimmick!   Other self: D'oh!
621569808144805888	neutral	Amazon Prime Day really was better than Black Friday; I could look at all the crap I didn't want from the comfort of my own home.
621671816461950977	positive	Amazon Prime Day may be over, but you can still get a great deal on this FAA-Approved Airplane Seat Belt Extender http://t.co/dTZaccOkeK
621679613249347584	neutral	It looked like eBay and a Garage sale had a baby an named it "Amazon Prime Day", a glorified "black friday"garage/yard sale.
621743210059198464	positive	"Amazon Prime Day had 18% higher sales than Black Friday, you whiners!"   See, little one, Black Friday has this thing called "competition".
621756352264847361	positive	Amazon Prime Day:  34.4 million items ordered breaking all Black Friday records with 398 items ordered per second.
621761332489154562	positive	@WEWS Amazon Prime day was success in record sales. beating Black Friday, I got great deals on TV audio. so it's not just tupperware
621797443647111168	neutral	'Amazon Prime Day' appeared on Wednesday 15 at the 19th place in the Top20 of Edinburgh's Trends: http://t.co/piBvVXSEjE #trndnl
621831001547927552	positive	Have you heard about Amazon Prime day? Don't miss it - July 15th! Yay! #ad #PrepForPrime @amazon #HappyPrimeDay  http://t.co/tBGCP9MHbV
621871025957896193	neutral	So the much mocked Amazon Prime Day? It outperformed the company's best Black Friday by 18%. Humanity in a nutshell. Look at the shiny.
621878763517706240	neutral	Breaking nose: Amazon prime day is rescheduled to the 50th of winter solstice to return on black friday. #goodnews #amazonprimeday
621949181981290496	positive	Amazon Prime Day broke sales records exceeding Black Friday 2014 sales, which had been the biggest Black Friday to date says Amazon.
622005331409776641	positive	Amazon Prime Day sales up 18 per cent on Black Friday: Amazon has detailed its plans to make Prime Day an annu... http://t.co/vHkl7tO7vx
622029088044261376	negative	It didn't live up to the "Black Friday" hype IMO --&gt; Amazon Prime Day leads to sales surge and consumer complaints http://t.co/2QUmJYts5y
622037047637876736	neutral	Amazon Claims Prime Day As Big As Black Friday: Amazon Prime Day netted the e-commerce... http://t.co/4A5KFxGGSL via @TheDrum
622037246120693760	neutral	See what's going on in the world of ecommerce including Amazon Prime Day, eBay Q2 results and Apple Pay news http://t.co/Tjctxry03b
622042211618811904	positive	Despite all the funny posts about lack of discounts...Amazon Prime Day sales beat Black Friday http://t.co/ncjCn42ZNO
622054383514177536	positive	Amazon Prime Day beats Black Friday sales: we're at the edge of the mobile shopping era http://t.co/7NqbNQ8IYZ via @TheDrum
622089230450327552	neutral	Amazon Prime Day: Worst Sale Ever or Huge Success? - It was dubbed the next best thing to Black Friday. It caused ... http://t.co/s3l9P6xD04
622105547253391360	positive	Amazon Prime Day Tops Biggest Black Friday for the Company: Amazon's first Prime Da.. http://t.co/eHOSR5aTmH http://t.co/jOhD6V4ZPf
622155927098146816	positive	I wonder how many of the purchases fell into the impulse bracket? #PrimeDay Amazon Prime Day beats Black Friday sales http://t.co/a1MdPbWsri
622208991960125440	neutral	Wife: Amazon Prime day beat Black Friday.  Me: That's so racist Wife ...
622275716567166976	neutral	Amazon Prime Day: Thirteen Days in September: The Dramatic Story of the Struggle for Peace:  http://t.co/8PxNGDl8dr
622592242667155456	positive	Not Available
623062168980844544	neutral	Is Amazon Prime Day really the new Black Friday? Our Insight team take a look: http://t.co/A8o9Html9u
623131052031262720	positive	http://t.co/0yYKgupOm0 Amazon Prime Day beat Black Friday, but did they make any money? via @SupplyChain247 #logistics #supplychain
623215014808195072	neutral	Search around Black Friday much higher compared with Amazon Prime day http://t.co/VXaxvBsRUp @lauriesullivan
623289728708792320	negative	@AmazonHelp Ordered PC parts on Amazon Prime Day, one day shipping, haven't received my item yet. It is now Monday. Very dissatisfied.
623618780099411968	neutral	AND that's also pretty much the deal I missed out on during the Amazon Prime day sale. ....ah, I get paid friday. What the heck!
625766422086488064	positive	Not Available
629426436663717889	neutral	Marketing &amp; Sales, 3 marketing lessons from Amazon Prime Day: Even though the social media world may h... http://t.co/I2y3TpO9ki Modesto
620679423323447301	neutral	By Suzanne Moore, Monday 13 July 2015 The Guardian This time, it's not me who says that! //RO Angela Merkel and... http://t.co/rncM7jpDkn
620821002390339585	negative	Does @macleansmag still believe that Ms. Angela Merkel is the "real leader of the free world"?  http://t.co/isQfoIcod0 (Greeks may disagree
620838510191362048	positive	Varoufakis may have some expertise in game theory, but Angela Merkel is the Grand Master of the game  http://t.co/mnz0XfzF1K
620951420787929088	neutral	Alexis Tsipras to Angela Merkel - early Monday morning - takes his jacket off and giving it to Merkel, saying: "Do you want this too?"
620979391984566272	negative	On another note, it seems Greek PM Tsipras married Angela Merkel to Francois Hollande on Sunday #happilyeverafter http://t.co/gTKDxivf79
621090050848198657	negative	By Michael Nienaber BERLIN, July 10 (Reuters) - The parties in Angela Merkel's coalition government sent conflicting signals on the latest
621090343740555264	neutral	Angela Merkel: 'Deny Marriage To Gay Couples': Angela Merkel revealed on Tuesday that while she thinks s... http://t.co/NtvRRAPrhM (Hfp)
621516071682592768	neutral	When you spend the day being Angela Merkel to 9th graders and then leave your bag in an uber. #Cant
621624979201912833	neutral	@NiamhPuirseil Nicola S, Theresa May, Liz Kendall &amp; Angela Merkel. But I'm wrong about the last one, right? I just see her everywhere ATM.
621675525107544064	neutral	Young Palestinian asylum seeker breaks down when Angela Merkel explains to her why she can't stay in Germany http://t.co/eBekjTJeEF
621675777654935552	negative	Moving video illustrates Europe's refugee problem: Angela Merkel tells sobbing asylum seeker why she can't stay  http://t.co/tkHyxMJPPH
621683248851234816	negative	Angela Merkel, explaining to a crying child that Germany might just deport her. http://t.co/56aTBHvIUR http://t.co/yxtjaitzSO
621700396478803968	neutral	Perhaps Prime Minister's Questions would be better if policy victims asked the questions. See this with Angela Merkel http://t.co/UiuS1GChuZ
621701322815995904	negative	wow, angela merkel tells sobbing asylum seeker why she cannot stay in germany (VIDEO): http://t.co/QUavlhnL76 http://t.co/TR8c2FSCeu
621701633735585792	negative	This has just brought a tear to my eye: Angela Merkel tells sobbing asylum seeker why she cannot stay in Germany http://t.co/OcpQQYNMoU
621715379279241216	neutral	Not Available
621726465067847680	negative	Angela Merkel tells sobbing teenage refugee slated for deportation that Germany "just can't manage" to help everyone http://t.co/ycbO01W8X5
621766793980350464	neutral	may not agree with Angela Merkel on a lot, the fact that the UK refuses to accept a fair share of EU refugees is conveniently missing from..
621831138298871808	positive	The best politicians tell people the truth, not what people want to hear.  Angela Merkel is awesome!  http://t.co/INXtjEBiyJ
621931197531205632	negative	Angela Merkel and a Palestinian asylum seeker:http://t.co/skU8zM7Slh Get civilized Islam! Stop crowding our world with your barbaric ways.
621934143451058176	positive	Not Available
622235808339091456	positive	Angela Merkel is a true leader . She has to tell a 14yr girl she cant have everyone stay in Germany http://t.co/KRiuHppCiH
622252867907387392	positive	Not Available
622272830806315008	neutral	You may blame Angela Merkel for her response, but if you are a history student, you will remember that the Islamic... http://t.co/XHlsXj3ipZ
622314582909026304	positive	Not Available
622457199399317504	neutral	Contrasts 20th-21st cent. Angela Merkel understands Quantum Physics. Does she have political depth for long term German survival?
622608485704957952	negative	@nytimes What the world needs is for Angela Merkel to kick him in the nuts the 1st time Trump calls anyone around the G8 table a loser.
622898205873733632	negative	I don't agree with Germany bailing out Greece for the 3rd time.Angela Merkel is retarded and this New World Order is a senseless stupid idea
623385539547246597	neutral	Had a dream about meeting Angela Merkel and discussing the Greece Crisis and how she may not win the next election if debt had to be w/off
623590958102392832	negative	I'm sure they are changing the species. Look at the Obamas and Angela Merkel. Planet of the Apes...here we come.  https://t.co/KdpOwI89u3
623783103840980995	neutral	'Angela Merkel' stars in lesbian magazine ad: Wednesday sees the launch of new magazine "Straight," aimed at g... http://t.co/7hUcJ0F0qI
624467897608331264	neutral	"Grexit" struggle tests Germany's power duo: On July 17th, her 61st birthday, Angela Merkel stepped to the pod... http://t.co/CUeCS3DueZ
624506164496216064	neutral	Slavoj Zizek: How Alexis Tsipras and Syriza Outmaneuvered Angela Merkel and the Eurocrats (In These Times, Jul 23) http://t.co/enTw95Vvwz
624931763932917760	neutral	Angela Merkel Tops Guest List at Legendary Bayreuth Festival: German Chancellor Angela Merkel topped the guest list Saturday of the g...
625233600762544128	neutral	The New Statesman's cover reads 'The Motherhood Trap', with an illustration of Sturgeon (pictured), Angela Merkel, Theresa May and Liz
625623391731515392	neutral	LOL at Mar doing the Angela Merkel hand rest gesture. #SONA  #SONA2015
626078949630722048	neutral	MOSCOW, May 6 (Reuters) - Russian President Vladimir Putin and German Chancellor Angela Merkel will discuss the crisis in Ukraine at talks
626907748148510721	neutral	If Angela Merkel fainted at Bayreuth Tristan it may be the only thing she has in common with Emmanuel Chabrier https://t.co/N5hRSYYgBQ
627021802221510656	neutral	Would British politicians go to the opera? Angela Merkel flies the flag for German arts. http://t.co/8dr73y6lML
627474993308409856	neutral	After that idiot, I'm definitely cheering on the Germans today. Starting a "There's only one Angela Merkel" chant 2nd half.
627485684471889921	neutral	Merkel the Great: Angela Merkel set to run for 4th term according to reports http://t.co/j5szzqs4In
627500184965148672	neutral	Angela Merkel plans to run for a 4th term in 2017 http://t.co/2Wi1rqaotD. If she wins she'd be Chancellor for 16 years
627578739191365632	neutral	Apparently, Angela Merkel will step down as German Chancellor tomorrow to pave Way for the first non-German Chancellor, Lord Bendtner.
627604291289772032	negative	Angela Merkel to run for 4th term....if this happens in Africa, UN, US, G7 etc will be planning to invade the country...hypocrites #africa
627789743263105024	neutral	Aktuell: Reports: Angela Merkel set for 4th term: There are no term limits in Germany and the last CDU chancel... http://t.co/gAJNA3ko4x
628474910436925441	neutral	Angela Merkel is expected to go see Tristan &amp; Isolde at Bayreuth. I want her job http://t.co/BY5mKC3S2z
628869004535447552	neutral	#Germany's leader Angela Merkel @Angie_Merkel  to run for 4th term, she is in talks about her election campaign according to #DerSpiegel
629433984297107456	neutral	Not Available
629991453154897921	negative	@cnni  Not to worry, Trump won't remember it tomorrow. But think about the ramifications of using this kind of language about Angela Merkel.
631379711441154049	neutral	Angela Merkel at the 3rd National Electric Mobility Conference in Berlin http://t.co/PX3hoGJEEq #emobility
632557717895442432	negative	@cobbo3 And what did Angela Merkel say? She's going for a 4th term. Germany is going to the dogs, right?
633183008930009088	negative	Migration the real European crisis - Angela Merkel https://t.co/9Z5Y9kEyVk
633345798109990912	positive	Carly Fiorina may very well be the smartest woman in the world. Next to Angela Merkel, that is. https://t.co/Y520oqEh2j
633921953297006592	neutral	Had a dream that Angela Merkel was trying to get me to snort coke with her at a music festival. Happy Wednesday everybody
633931987355574273	negative	Angela Merkel  after 10yrs in power she is seeking a 4th term.Let just imagine she was an African leader..
634005145563570176	negative	@AviWoolf @laurakfillault I see it like this: Angela Merkel: German multiculturalism has 'utterly failed' http://t.co/hJmDawZ7dK
634098002328743936	negative	Not Available
634494690327457792	neutral	Angela Merkel Urges Brazil to Protect Amazon Rainforest: Brazil and Germany threw their weight Thursday behind the push for a global ...
635014939581784064	neutral	'Angela Merkel is right: the migration crisis will define this decade'. http://t.co/xFxH6tR7g8
635538106150715392	neutral	Angela Merkel and French President Francois Hollande will meet on Monday in Berlin to discuss the current migranT crisis solution to it
635676950095364096	negative	Angela Merkel may need as many refugees due to long penises from Africa to record movies, etc ...These cultures do not belong in the EU.
636073956378812416	neutral	On the BIG phone in today - Do you agree with Angela Merkel that the UK should take in more migrants? http://t.co/XwDX7uRa8w 9am @BBC3CR
636606931503857664	neutral	Germany Can Lead the Immigration Debate - Chancellor Angela Merkel said Tuesday that the migration crisis... http://t.co/cZk3s5jFZV
636664402901536769	positive	Not Available
637179517832982528	negative	Illogical things are not Democracy. After Deutschen Nazis accussing Angela Merkel in betrayal, she may crack them by Police to be clear
637229009844215808	positive	Angela Merkel: strong link between the euro and peace https://t.co/0AOvzufdIz
637477283620630530	neutral	WASHINGTON, Aug 26 (Reuters) - President Barack Obama in a phone call with German Chancellor Angela Merkel on Wednesday voiced
637726203932114944	neutral	Angela Merkel and Francois Hollande consider the conduct of the elections in DNR and LNR threat Minsk agreements  http://t.co/yDgdJSMWPG
637791558188834816	neutral	@paulaEdwyer Tat may be the president of Azerbaijan. I don't even think this is current. That's a very youngish Angela Merkel behind Abe
638114909839040512	positive	Not Available
638129191817379840	positive	'They are fellow human beings' Angela Merkel on the refugee crisis. At last, a leader who is also a human being; http://t.co/rUGaSQsdWv
638272681180311552	neutral	Angela Merkel's Humane Stance on Immigration: http://t.co/tOwxleCZnF Would that we heard more from the Canadian campaigns on this topic.
638361274527514625	neutral	Angela Merkel says pleased about France calling for talks on euro zone reforms: Merkel said on Monday ... http://t.co/86YUy752Dw #foxreg
638473276491063296	neutral	EU may bring back border controls, Angela Merkel suggests: The German Chancellor says for the... http://t.co/Kfv9N04BvO #TheArkOfTwitter
638643398090620928	negative	Angela Merkel told UK to take more of her 800,000 immigrants.That was April.Now she's putting in border controls http://t.co/lQNpkaGJZC
638663906509090816	neutral	"There can be no tolerance of those who question the dignity of other people." - Angela Merkel stood up to be counted http://t.co/J0vYptYqlB
638699838863994880	neutral	@ajweald   Daily Telegraph reports Angela Merkel has said the EU may be forced to bring back passport controls in the wake of the migration
638768809986228224	neutral	EU may bring back border controls, Angela Merkel suggests http://t.co/SshQJHdPYy &lt; Admittance that she's been wrong all along? Hope so...
638769260257480704	neutral	Theresa May calls for a return to the original principle of EU free movement, Angela Merkel calls  - http://t.co/tQK56Nf5BO #GoogleAlerts
638971504277983232	neutral	There's no love lost btw them but Angela Merkel will present the biography of her predecessor Gerhard Schroeder on Sept 22, @Bild reports
639033824102477824	neutral	Closing the stable door etc - EU may bring back border controls, Angela Merkel suggests | via @Telegraph http://t.co/Qp1CWbGZL8
639036500299116544	positive	Join us in prayer for Syrian refugees in Hungary Budapest,may our.Father bless Mrs Angela Merkel.Thank you Mrs Merkel http://t.co/ig7wPVCGKV
639138413048909824	neutral	Chancellor Angela Merkel said Catalonia may have to reapply for EU membership if it seceded from Spain. #snp http://t.co/4LQN0JEyrr
639211402247454720	negative	May be get @KTHopkins to do us all a favour and sink the thing with a gunboat (Leave Angela Merkel) https://t.co/k5XWF52hfM
639292679524872192	negative	Angela Merkel's jackets: many colours but just one look http://t.co/ifVnBuQfgf
639410002260791296	positive	Apparently Germany leads the way. Well done Angela Merkel.  http://t.co/z4d0IFlAvq
639448563852800000	neutral	Did you know that 'Angela Merkel' was Trending Topic on Wednesday 2 for 6 hours in Sweden? http://t.co/lSI57oqQi0 #trndnl
639555024423649280	positive	God bless Angela Merkel and the people of Germany . . . Leading the way. May the UK government follow their example http://t.co/GRAl0rMwv4
640139548404662273	neutral	Not Available
640273126962667521	negative	@Smith_RFKennedy @nishelo why nobody have ever said it about any country outside Africa? : why Angela Merkel ran again for a 3rd term?
640295436310462464	neutral	Chancellor Angela Merkel leading the #exodus march to Germany  http://t.co/wQ1s3FxDD2 #MigrantMarch #migrantcrisis http://t.co/GvvYrjPcOP
640458572422377472	positive	Angela Merkel: Europe as a whole must help with refugees - video  (via @NewsfusionApps #World #News) http://t.co/9G3heT8DZd
640481730126811136	neutral	40% of Syrians are graduates.  Perhaps Angela Merkel's decision is not just humanitarian.  http://t.co/D7IL2QP6DY http://t.co/LED4qYWrRS
640491528826195968	neutral	Chancellor Angela Merkel planned to discuss Europe's migrant crisis with her coalition partners Sunday, as... http://t.co/Cvh6nkCxOQ
640681655271845888	negative	dear German citizens any concerns or criticisms you may have over my actions mean you are xenophobic and racist. i win love Angela Merkel
640719732157624320	neutral	ANGELA MERKEL may be the most powerful politician in Europe, but she has rarely shown much inclination for bold... http://t.co/oOQdQdBWiT
640810887012421633	positive	Not Available
640890222230798336	positive	I really want to thank Angela Merkel for letting all those refugees in. She shows what humanity is about. May God bless her #refugeeswelcome
641000154636623872	negative	Angela Merkel says border controls may have to be restored It's a pity she didn't  listen before it was too late.
641143732897628161	negative	@ReaganiteGOPer @Freedomoffreedo they are ORGANISING this invasion with the help of 5th columnista Angela  MERKEL who is selling out Germany
